TABLA_NAME,COLUMN_NAME,NUMBER_SECUENCE_KEY
AZSTS,STSAPL,1
ACCTS,CTSCOD,1
ATTRC,TRCAPL,1
ATTR,TRCCOD,2
ACPRF,PRFCOD,1
ACCHT,CHTNUM,1
ACCHT,CHTSEC,2
ACCHT,CHTFEC,3
ACCHT,CHTHOR,4
ACCST,CSTCOD,1
ACCTF,CTFFUE,1
ACCTF,CTFTER,2
ACCTX,CTXFUE,1
ACCTX,CTXCTX,2
ACETC,ETCCOD,1
ACGEN,GENTIP,1
ACGEN,GENCOD,2
ADAEG,AEGATM,1
ADALA,ALANUM,1
ADALA2205,ALANUM,1
ADALAMOD,ALANUM,1
ADATP,ATPATM,1
ADCAC,CACCAJ,1
ADCACTST,CACCAJ,1
ADCAJ,CAJLNO,1
ADCAJ2,CAJLNO,1
ADCAJ2205,CAJLNO,1
ADCID,CIDCOD,1
ADCLM,CLMLNO,1
ADCMD,CMDTCF,1
ADCMD,CMDCOD,2
ADCMM,CMMTCF,1
ADCMM,CMMCOI,2
ADCMM,CMMCOM,3
ADCPA,CPAATM,1
ADDAL,DALATM,1
ADDAL,DALIDR,2
ADDAL,DALLIN,3
ADDALH,DALATM,1
ADDALH,DALIDR,2
ADDALH,DALLIN,3
ADDDR,DDRATM,1
ADDDR,DDRIDR,2
ADDDR,DDRLIN,3
ADDDRH,DDRATM,1
ADDDRH,DDRIDR,2
ADDDRH,DDRLIN,3
ADDIC,DICIMP,1
ADDIG,DIGTIF,1
ADDIG,DIGDIG,2
ADDIG,DIGSTS,3
ADDST,DSTTIP,1
ADDST,DSTCOD,2
ADDST,DSTBYT,3
ADDST,DSTBIT,4
ADEDV,EDVLNO,1
ADEDV,EDVDEV,2
ADGOL,GOLGOL,1
ADGOL,GOLLNO,2
ADGRU,GRUCOD,1
ADHCP,HCPLNO,1
ADHCP,HCPSEC,2
ADHCP,HCPREF,3
ADHCP,HCPFEP,4
ADHCP,HCPHOP,5
ADHCP,HCPMNT,6
ADHCPH,HCPLNO,1
ADHCPH,HCPSEC,2
ADHCPH,HCPREF,3
ADHCPH,HCPFEP,4
ADHCPH,HCPHOP,5
ADHCPH,HCPMNT,6
ADHDR,HDRATM,1
ADHDR,HDRIDR,2
ADHDRH,HDRATM,1
ADHDRH,HDRIDR,2
ADHDRL0,HDRFCR,1
ADHDRL0,HDRATM,2
ADHDRL0,HDRHRR,3
ADHDRL0,HDRIDR,4
ADHDRL1,HDRATM,1
ADHDRL1,HDRFCR,2
ADHDRL1,HDRHRR,3
ADHDRL1,HDRIDR,4
ADHDRL2,HDRFCR,1
ADHDRL2,HDRATM,2
ADHDRL2,HDRHRR,3
ADHDRL2,HDRIDR,4
ADHLP,HLPFLD,1
ADHLP,HLPCOD,2
ADHSP,HSPATM,1
ADHSP,HSPFCP,2
ADHSP,HSPHRP,3
ADHSPH,HSPATM,1
ADHSPH,HSPFCP,2
ADHSPH,HSPHRP,3
ADHSPL0,HSPFCP,1
ADHSPL0,HSPHRP,2
ADHSPL0,HSPATM,3
ADMCC,MCCCOD,1
ADMDS,MDSORI,1
ADMDS,MDSDEV,2
ADMDS,MDSCOD,3
ADMRV,MRVCOD,1
ADMSG,MSGCOD,1
ADMSGCOL,MSGCOD,1
ADOCD,OCDCFG,1
ADOCD,OCDCDD,2
ADOCD,OCDCDC,3
ADPLC,PLCTTR,1
ADPLC,PLCCPC,2
ADPLCL0,PLCCPC,1
ADRDA,RDATTR,1
ADRDA,RDACPC,2
ADRPR,RPRCRE,1
ADRPY,RPYCFT,1
ADRPY,RPYCFG,2
ADRPY,RPYCDA,3
ADRPY,RPYCDT,4
ADRPY,RPYCRE,5
ADUOL,UOLUOL,1
ADUOL,UOLLNO,2
ADUSR,USRCOD,1
AETAG,TAGFQC,1
AETAG,TAGCTG,2
AFA6KEYST,LABEL_1,1
AFA6KEYST,LABEL_2,2
AFA6KEYST,LABEL_3,3
AFA6KEYST,LABEL_4,4
AFA6KEYST,LABEL_5,5
AFA6KEYST,LABEL_6,6
AFA6KEYST,LABEL_7,7
AHCIU,CIUCOD,1
AHDEV,DEVSIT,1
AHDEV,DEVAPL,2
AHDEV,DEVNOM,3
AHDVE,DVEAPL,1
AHDVE,DVESIP,2
AHDVE,DVENOP,3
AHMIP,MIPSID,1
AHMIP,MIPDIP,2
AHPRM,PRMAPL,1
AHSSF,SSFSTE,1
AHSSF,SSFAPL,2
APPAI,PAICOD,1
ATTAG,TAGFQC,1
ATTAG,TAGCTG,2
ATTCV,TCVAPL,1
ATTCV,TCVCOD,2
ATTCV,TCVNUI,3
ATTCV,TCVNUO,4
ATTCV,TCVCAI,5
ATTCVFEG,TCVAPL,1
ATTCVFEG,TCVCOD,2
ATTCVFEG,TCVNUI,3
ATTCVFEG,TCVNUO,4
ATTCVFEG,TCVCAI,5
ATTPR,TPRAPL,1
ATTRD,TRDAPL,1
ATTRD,TRDCOD,2
ATTRD,TRDNUO,3
ATTRDFEG,TRDAPL,1
ATTRDFEG,TRDCOD,2
ATTRDFEG,TRDNUO,3
AUACT,ACTAPL,1
AUAFM,AFMCOD,1
AUAFM2,AFMCOD,1
AUAFMH,AFMCOD,1
AUAFML0,AFMPDR,1
AUAFML0,AFMCOD,2
AUAFML1,AFMPDR,1
AUAFML1,AFMOPC,2
AUBKP,BKPPAN,1
AUBKP,BKPFEG,2
AUBKP,BKPHOG,3
AUBKP,BKPMLG,4
AUBKT,BKTNEW,1
AUBKT,BKTFEG,2
AUBKT,BKTHOG,3
AUBKT,BKTMLG,4
AUCPR,CPRCOD,1
AUCTB,CTBBIN,1
AUCTL,CTLARC,1
AUEST,ESTCOD,1
AUESTDRP,ESTCOD,1
AUFIL,FILMOD,1
AUFIL,FILNOM,2
AUFILCM,FILMOD,1
AUFILCM,FILNOM,2
AUFILDRP,FILMOD,1
AUFILDRP,FILRPM,2
AUFILDRP,FILNOM,3
AUFNC,FNCMOD,1
AUFNC,FNCFUN,2
AUFNCH,FNCMOD,1
AUFNCH,FNCFUN,2
AUHIS,HISARC,1
AUHIS,HISSEC,2
AUHIS,HISJOB,3
AUHIS,HISUSR,4
AUHISDRP,HISARC,1
AUHISDRP,HISRPM,2
AUHISDRP,HISSEC,3
AUHISDRP,HISJOB,4
AUHISDRP,HISUSR,5
AUJBQ,JBQFEC,1
AUJBQ,JBQHOR,2
AUJBQ,JBQNAM,3
AUJBQ,JBQLIB,4
AUJBQ,JBQSBS,5
AUJOB,JOBSIT,1
AUJOB,JOBJOB,2
AUJRN,JRNSIT,1
AUJRN,JRNJRN,2
AUJRNBK,JRNJRN,1
AULAF,LAFFEC,1
AULAF,LAFHOR,2
AULAF,LAFUSU,3
AULAF,LAFMOD,4
AULAF,LAFFUN,5
AULAFH,LAFFEC,1
AULAFH,LAFHOR,2
AULAFH,LAFUSU,3
AULAFH,LAFMOD,4
AULAFH,LAFFUN,5
AULAFL1,LAFUSU,1
AULAFL1,LAFFEC,2
AULAFL1,LAFHOR,3
AULAFL1,LAFMOD,4
AULAFL1,LAFFUN,5
AULAFL2,LAFMOD,1
AULAFL2,LAFFUN,2
AULAFL2,LAFFEC,3
AULAFL2,LAFHOR,4
AULAFL2,LAFUSU,5
AULAFL3,LAFUSU,1
AULAFL3,LAFMOD,2
AULAFL3,LAFFUN,3
AULAFL3,LAFFEC,4
AULAFL3,LAFHOR,5
AULAFL4,LAFMOD,1
AULAFL4,LAFUSU,2
AULAFL4,LAFFUN,3
AULAFL4,LAFFEC,4
AULAFL4,LAFHOR,5
AULAFL5,LAFMOD,1
AULAFL5,LAFFUN,2
AULAFL5,LAFUSU,3
AULAFL5,LAFFEC,4
AULAFL5,LAFHOR,5
AULLV,LLVNOM,1
AULLV,LLVCAM,2
AULLVDRP,LLVNOM,1
AULLVDRP,LLVCAM,2
AUMOD,MODCOD,1
AUMXJ,MXJFEC,1
AUMXJ,MXJHOR,2
AUMXJ,MXJNAM,3
AUMXJH,MXJFEC,1
AUMXJH,MXJHOR,2
AUMXJH,MXJNAM,3
AUOPA,OPACOD,1
AUOPAL0,OPAPGM,1
AUPFN,PFNTIP,1
AUPFN,PFNPER,2
AUPFN,PFNMOD,3
AUPFN,PFNFUN,4
AUPFNL1,PFNMOD,1
AUPFNL1,PFNFUN,2
AUPFNL1,PFNTIP,3
AUPFNL1,PFNPER,4
AUPGE,PGEFEC,1
AUPGE,PGEHOR,2
AUPGE,PGEDSC,3
AUPRC,PRCCAM,1
AUPRC,PRCVAR,2
AUPRC,PRCPRI,3
AUPRCDRP,PRCCAM,1
AUPRCDRP,PRCVAR,2
AUPRCDRP,PRCPRI,3
AUPRF,PRFCOD,1
AUPXM,PXMMOD,1
AUPXM,PXMNOM,2
AUPXMBK,PXMMOD,1
AUPXMBK,PXMNOM,2
AURCV,RCVSIT,1
AURCV,RCVJRN,2
AURCV,RCVRCV,3
AURPT,RPTPAN,1
AURPT7,RPTPAN,1
AURPT8,RPTPAN,1
AURPTBK,RPTPAN,1
AURPTBK1,RPTPAN,1
AURPTH,RPTPAN,1
AURPTK,RPTPAN,1
AURPTL0,RPTTKN,1
AURPTL1,RPTPAN,1
AURPTTEST,RPTPAN,1
AURSR,RSRSIT,1
AURSR,RSRJRN,2
AUSBS,SBSFEC,1
AUSBS,SBSHOR,2
AUSBS,SBSNAM,3
AUSBSH,SBSFEC,1
AUSBSH,SBSHOR,2
AUSBSH,SBSNAM,3
AUSTR,STRARC,1
AUSTR,STRCAM,2
AUSTRDRP,STRARC,1
AUSTRDRP,STRCAM,2
AUUAF,UAFMOD,1
AUUAF,UAFFUN,2
AUUAF,UAFUSU,3
AUUSR,USRUSU,1
AUUSRL1,USRPER,1
AUUSRL1,USRUSU,2
AZAAP,AAPCOD,1
AZAAP2,AAPCOD,1
AZAEM,AEMCOD,1
AZARD,ARDMIN,1
AZARD,ARDMAX,2
AZATG,ATGAPL,1
AZATG,ATGTAG,2
AZBDT,BDTSCR,1
AZBDT,BDTTRA,2
AZBDT,BDTCTG,3
AZBET,BETSCR,1
AZBET,BETTRA,2
AZBETL01,BETSCR,1
AZBETL01,BETSEC,2
AZBETL01,BETTRA,3
AZBLN,BLNAPL,1
AZBSC,BSCSCR,1
AZBTE,BTEAPL,1
AZBTE,BTENOM,2
AZCIP,CIPADD,1
AZCLH,CLHOAI,1
AZCLH,CLHONT,2
AZCLH,CLHOCJ,3
AZCLH,CLHINT,4
AZCLH,CLHOSQ,5
AZCLH,CLHOFL,6
AZCLH,CLHOHL,7
AZCLH,CLHIVT,8
AZCTL,CTLAPL,1
AZCTL,CTLLIN,2
AZCTL,CTLNOM,3
AZDCE,DCECOD,1
AZDCE,DCEEMV,2
AZDCF,DCFCOD,1
AZDDW,DDWCFG,1
AZDDW,DDWTIP,2
AZDDW,DDWSEC,3
AZDEV,DEVAPL,1
AZDEV,DEVLIN,2
AZDEV,DEVCTL,3
AZDEV,DEVNOM,4
AZDIF,DIFCFG,1
AZDIF,DIFDDX,2
AZDPD,DPDCFG,1
AZDPD,DPDNMR,2
AZDPD,DPDLNG,3
AZDPD,DPDLIN,4
AZDPI,DPICFG,1
AZDPI,DPINMR,2
AZDPI,DPILNG,3
AZDTE,DTECFG,1
AZDTE,DTENUM,2
AZECL,ECLIDS,1
AZECL,ECLAPL,2
AZECL,ECLDEV,3
AZECL,ECLFEC,4
AZECL,ECLHOR,5
AZECL,ECLMLS,6
AZECL,ECLJOB,7
AZECLBK,ECLIDS,1
AZECLBK,ECLAPL,2
AZECLBK,ECLDEV,3
AZECLBK,ECLFEC,4
AZECLBK,ECLHOR,5
AZECLBK,ECLMLS,6
AZECLBK,ECLJOB,7
AZECLH,ECLIDS,1
AZECLH,ECLAPL,2
AZECLH,ECLDEV,3
AZECLH,ECLFEC,4
AZECLH,ECLHOR,5
AZECLH,ECLMLS,6
AZECLH,ECLJOB,7
AZECS,ECSIDS,1
AZECS,ECSAPL,2
AZECS,ECSFEC,3
AZECS,ECSHOR,4
AZECS,ECSMLS,5
AZECS,ECSJOB,6
AZECSH,ECSIDS,1
AZECSH,ECSAPL,2
AZECSH,ECSFEC,3
AZECSH,ECSHOR,4
AZECSH,ECSMLS,5
AZECSH,ECSJOB,6
AZESH,ESHMOD,1
AZESH,ESHIDN,2
AZESH,ESHCOD,3
AZIDD,IDDAPL,1
AZIDD,IDDCOD,2
AZIDD,IDDPOS,3
AZIDD,IDDBMP,4
AZIDDDFT,IDDAPL,1
AZIDDDFT,IDDCOD,2
AZIDDDFT,IDDPOS,3
AZIDDDFT,IDDBMP,4
AZIPF,IPFCOD,1
AZIRD,IRDREG,1
AZIRD,IRDCOD,2
AZIRD,IRDMTI,3
AZIRD,IRDCTR,4
AZISE,ISEAPL,1
AZISE,ISEBMP,2
AZISE,ISESBM,3
AZISO,ISOAPL,1
AZISO,ISOBMP,2
AZISODFT,ISOAPL,1
AZISODFT,ISOBMP,2
AZKDIA,KDAAPL,1
AZKDIA,KDAPRI,2
AZKDIA,KDANDI,3
AZKDIS,KDINOM,1
AZKHLP,KHLFLD,1
AZKHLP,KHLCOD,2
AZLBL,LBLBIN,1
AZLCA,LCACOD,1
AZLCF,LCFCOD,1
AZLCF,LCFFEC,2
AZLCG,LCGORD,1
AZLCG,LCGERD,2
AZLCU,LCURED,1
AZLCU,LCURDT,2
AZLDT,LDTAPL,1
AZLDT,LDTRED,2
AZLEC,LECCOD,1
AZLEE,LEENEM,1
AZLFR,LFRCOD,1
AZLHE,LHTOAI,1
AZLHE,LHTONT,2
AZLHE,LHTOCJ,3
AZLHE,LHTINT,4
AZLHE,LHTOSQ,5
AZLHE,LHTOFL,6
AZLHE,LHTOHL,7
AZLHE,LHTIVT,8
AZLHEH,LHTOAI,1
AZLHEH,LHTONT,2
AZLHEH,LHTOCJ,3
AZLHEH,LHTINT,4
AZLHEH,LHTOSQ,5
AZLHEH,LHTOFL,6
AZLHEH,LHTOHL,7
AZLHEH,LHTIVT,8
AZLIN,LINAPL,1
AZLIN,LINNOM,2
AZLMF,LMFMTI,1
AZLMF,LMFD24,2
AZLMT,LMTRED,1
AZLMT,LMTCMI,2
AZLMT,LMTCMF,3
AZLOC,XMCIDS,1
AZLOCR,XMCIDS,1
AZLRT,LRTFEC,1
AZLRT,LRTORI,2
AZLRT,LRTTER,3
AZLRT,LRTDES,4
AZLTR,LTRRED,1
AZLTR,LTRCOD,2
AZLTX,LTXAPL,1
AZLTX,LTXRED,2
AZLTX,LTXTRB,3
AZLWT,LWTRED,1
AZLXC,LXCORD,1
AZLXC,LXCERD,2
AZLXC,LXCBIN,3
AZLXC,LXCICT,4
AZPBC,PBCAPL,1
AZPBC,PBCCOD,2
AZPDA,PDAAPL,1
AZPDA,PDAFEC,2
AZPDA,PDAHOR,3
AZPMA,PMAAPL,1
AZPMS,PMSCOD,1
AZPMS,PMSCLV,2
AZREM,XMCIDS,1
AZREMR,XMCIDS,1
AZSAU,SAUAPO,1
AZSAU,SAUCOD,2
AZSAU,SAUSEC,3
AZTCP,TCPIDS,1
AZTCP,TCPAPL,2
AZTCP,TCPNOM,3
AZTCPBK,TCPIDS,1
AZTCPBK,TCPAPL,2
AZTCPBK,TCPNOM,3
AZTCV,TCVAPL,1
AZTCV,TCVCOD,2
AZTCV,TCVNUI,3
AZTCV,TCVNUO,4
AZTCV,TCVCAI,5
AZTED,TEDAPL,1
AZTED,TEDCOD,2
AZTED,TEDNEM,3
AZTRD,TRDAPL,1
AZTRD,TRDCOD,2
AZTRD,TRDNUO,3
AZTRC,TRCAPL,1
AZTRC,TRCCOD,2
AZTEC,TECAPL,1
AZTRP,TRPCMO,1
AZTRP,TRPCMD,2
AZTRP,TRPFEC,3
AZTRP,TRPHOR,4
AZUTL,UTLMOD,1
AZUTL,UTLOBJ,2
AZWFHA,WFHFEG,1
AZWFHA,WFHDTQ,2
AZWFSA,WFHFEG,1
AZWFSA,WFHDTQ,2
AZWPB,WPBCOD,1
AZWPB,WPBLNT,2
AZWPB,WPBLBT,3
AZWPB,WPBBIN,4
AZWPB,WPBRED,5
AZWRD,WRDAPL,1
AZWRD,WRDRED,2
AZWRDFEG,WRDAPL,1
AZWRDFEG,WRDRED,2
AZWRT,WRTAPL,1
AZWRT,WRTCL1,2
AZWRT,WRTCL2,3
AZWRT,WRTAPW,4
AZXTRJ,XTRJFEP,1
AZXTRJ,XTRJNOM,2
AZXTRJ,XTRJSIT,3
AZXTRJ,XTRJSEC,4
BFCMTAL1,MTANUM,1
BFCMTAL1,MTASEC,2
BFCRNW,BFCCUE,1
BFCRNW,BFCTCT,2
BFCRNW,BFCIDE,3
BFCRNW,BFCCLS,4
BFCRNWR1,BFCCUE,1
BFCRNWR1,BFCTCT,2
BFCRNWR1,BFCIDE,3
BFCRNWR1,BFCCLS,4
BFCTKN,TKNKEY,1
BFCTTN,TTNAPL,1
BFCTTN,TTNJOB,2
BFCXTRER,XTREFEC,1
BFCXTRER,XTRESIT,2
BFCXTRER,XTREHOR,3
BFCXTRER,XTRESEC,4
BFCXTRER,XTREARC,5
BFCXTRER,XTRERRN,6
BFCXTRER,XTRETIP,7
CLBFCAHT,AHTOAI,1
CLBFCAHT,AHTONT,2
CLBFCAHT,AHTOCJ,3
CLBFCAHT,AHTINT,4
CLBFCAHT,AHTOSQ,5
CLBFCAHT,AHTOFL,6
CLBFCAHT,AHTOHL,7
CLBFCAHT,AHTIVT,8
CLBFCAHTR1,AHTOAI,1
CLBFCAHTR1,AHTONT,2
CLBFCAHTR1,AHTOCJ,3
CLBFCAHTR1,AHTINT,4
CLBFCAHTR1,AHTOSQ,5
CLBFCAHTR1,AHTOFL,6
CLBFCAHTR1,AHTOHL,7
CLBFCAHTR1,AHTIVT,8
CLBFCBIC,BICAPL,1
CLBFCBIC,BICCOM,2
CLBFCBIC,BICBIN,3
CLBFCBTAL1,BTACODB,1
CLBFCBTAL1,BTACODT,2
CLBFCCOM,COMAPL,1
CLBFCCOM,COMCOD,2
CLBFCCOM,COMLOC,3
CLBFCFOL,FOLCODA,1
CLBFCFOL,FOLCODF,2
CLBFCHCP,HCPFEG,1
CLBFCHCP,HCPHOR,2
CLBFCHCP,HCPMIL,3
CLBFCPAT,PATCOM,1
CLBFCREG,REGCOD,1
CLBFCTAG,TAGFQC,1
CLBFCTAG,TAGCTG,2
CLBFCTDT,TDTAPL,1
CLBFCTDT,TDTTBL,2
CLBFCTDT,TDTARG,3
CLBFCTDT,TDTSEC,4
CLBFCTDT0001,TDTAPL,1
CLBFCTDT0001,TDTTBL,2
CLBFCTDT0001,TDTARG,3
CLBFCTDT0001,TDTSEC,4
CLBFCTDT1111,TDTAPL,1
CLBFCTDT1111,TDTTBL,2
CLBFCTDT1111,TDTARG,3
CLBFCTDT1111,TDTSEC,4
CLBFCTTN,TTNAPL,1
CLBFCTTN,TTNJOB,2
CLBFCXTR,XTRFEC,1
CLBFCXTR,XTRSIT,2
CLBFCXTR,XTRHOR,3
CLBFCXTR,XTRSEC,4
CLBFCXTR,XTRARC,5
CLBFCXTR,XTRRRN,6
CLBFCXTR,XTRTIP,7
CLBFCXTR1111,XTRFEC,1
CLBFCXTR1111,XTRSIT,2
CLBFCXTR1111,XTRHOR,3
CLBFCXTR1111,XTRSEC,4
CLBFCXTR1111,XTRARC,5
CLBFCXTR1111,XTRRRN,6
CLBFCXTR1111,XTRTIP,7
CLBFCXTRE,XTREFEC,1
CLBFCXTRE,XTREFIL,2
CLBFCXTRE,XTRECOR,3
CLBFCXTRER,XTREFEC,1
CLBFCXTRER,XTRESIT,2
CLBFCXTRER,XTREHOR,3
CLBFCXTRER,XTRESEC,4
CLBFCXTRER,XTREARC,5
CLBFCXTRER,XTRERRN,6
CLBFCXTRER,XTRETIP,7
CLBFCXTRERR1,XTREFEC,1
CLBFCXTRERR1,XTRESIT,2
CLBFCXTRERR1,XTREHOR,3
CLBFCXTRERR1,XTRESEC,4
CLBFCXTRERR1,XTREARC,5
CLBFCXTRERR1,XTRERRN,6
CLBFCXTRERR1,XTRETIP,7
CLBFCXTRJ,XTRJFEP,1
CLBFCXTRJ,XTRJNOM,2
CLBFCXTRJ,XTRJSIT,3
CLBFCXTRJ,XTRJSEC,4
CLBFCXTRR1,XTRFEC,1
CLBFCXTRR1,XTRSIT,2
CLBFCXTRR1,XTRHOR,3
CLBFCXTRR1,XTRSEC,4
CLBFCXTRR1,XTRARC,5
CLBFCXTRR1,XTRRRN,6
CLBFCXTRR1,XTRTIP,7
CLBFCXTRT,XTRTARC,1
CLBFCXTRT,XTRTFEC,2
CLBFCXTRT,XTRTSEC,3
CLBFCXTRT,XTRTHOR,4
CLBFCXTRT111,XTRTARC,1
CLBFCXTRT111,XTRTFEC,2
CLBFCXTRT111,XTRTSEC,3
CLBFCXTRT111,XTRTHOR,4
CLDRC001,XDRC001,1
CLQAC6KEYST,LABEL_1,1
CLQAC6KEYST,LABEL_2,2
CLQAC6KEYST,LABEL_3,3
CLQAC6KEYST,LABEL_4,4
CLQAC6KEYST,LABEL_5,5
CLQAC6KEYST,LABEL_6,6
CLQAC6KEYST,LABEL_7,7
CLQAC6PKEYST,LABEL_1,1
CLQAC6PKEYST,LABEL_2,2
CLQAC6PKEYST,LABEL_3,3
CLQAC6PKEYST,LABEL_4,4
CLQAC6PKEYST,LABEL_5,5
CLQAC6PKEYST,LABEL_6,6
CLQAC6PKEYST,LABEL_7,7
FCOCNV,FCOCOD,1
FCOFBS,FBSFUE,1
FCOFBS,FBSCOD,2
PACCHT,CHTNUM,1
PACCHT,CHTSEC,2
PACCHT,CHTFEC,3
PACCHT,CHTHOR,4
ACCCF,CCFCFU,1
ACCCF,CCFCOD,2
ACCCP,CCPCOD,1
ATTTEC,TECAPL,1
ATTTEC,TECCOD,2
AZI70,I70APL,1
AZI70,I70COD,2
AZIBM,IBMAPL,1
AZIBM,IBMCOD,2
AZIBM,IBMORG,3
AZIDC,IDCAPL,1
AZIDC,IDCCOD,2
AZIDC,IDCDIR,3
AZIPR,IPRAPL,1  
AZITM,ITMAPL,1
AZITM,ITMCOD,2
AZLIS,LISAPL,1
AZLIS,LISORD,2
AZPGM,PGMAPL,1
AZPGM,PGMCOD,2
AZTCL,TCLAPL,1
AZTCL,TCLDIR,2
AZWPR,WPRAPL,1
AZWPR,WPRPC1,2
AZWPR,WPRLC1,3
AZWPR,WPRPC2,4
AZWPR,WPRLC2,5
AZWRA,WRAAPL,1
AZWRA,WRAAPW,2
AZWRP,WRPAPL,1
AZWRP,WRPCL1,2
AZWRP,WRPCL2,3
AZWRP,WRPAPW,4
ATTEC,TECAPL,1
ATTEC,TECCOD,2
