TABLA,CAMPO
ACCMT,CMTFLG
ACCMTBK,CMTFLG
ACCMTBK1,CMTFLG
ACCPR,CMTFLG
BFPTM2,CMTFLG
FFAPCMT,CMTFLG
ACCCR,CCRFLG
ACCCR_TMP,CCRFLG
ACCCRMA,CCRFLG
FFAPCCR,CCRFLG
ACCTX,CTXFLG
ACCTX@@@@Y,CTXFLG
ACCTX@@@@Z,CTXFLG
ACCTXRR,CTXFLG
BK_ACCTX,CTXFLG
BK_ACCTXW,CTXFLG
BK_ACCTXY,CTXFLG
N_ACCTX,CTXFLG
X_ACCTX,CTXFLG
ACCCF,CCFFLG
ACCCP,CCPFLG
ACCFT,CFTFLG
ACCTC,CTCFLG
ACCTF,CTFFLG
ACCTS,CTSFLG
ACCST,CSTFLG
ACCXP,CXPFLG
ACGEN,GENFLG
ACLCF,LCFFLG
AZLCF,LCFFLG
ACPRF,PRFFLG
AUPRF,PRFFLG
ADALA,ALAFLG
ADALA_BCK,ALAFLG
ADCAJBK,CAJFLG
ADCAJ_BCK,CAJFLG
ADMCC,MCCFLG
ADMCC_BCK,MCCFLG
ADMRV,MRVFLG
ADMRV_BCK,MRVFLG
ADPLC,PLCFLG
ADPLCBK,PLCFLG
ADUOL,UOLFLG
ADUOL_BCK,UOLFLG
ADEHD,EHDFLG
ADEHDH,EHDFLG
ADCAC,CACFLG
ADCLM,CLMFLG
ADCPA,CPAFLG
ADDDRH,DDRFLG
ADDIC,DICFLG
ADDST,DSTFLG
ADEDV,EDVFLG
ADGOL,GOLFLG
ADGRU,GRUFLG
ADHDRH,HDRFLG
ADMDS,MDSFLG
ADOCD,OCDFLG
ADRDA,RDAFLG
ADRPY,RPYFLG
ADUSR,USRFLG
AECFG,CFGFLG
AECFG_BCK,CFGFLG
AECTG,CTGFLG
AECTG@@Z,CTGFLG
AETAG,TAGFLG
ATTAG,TAGFLG
ATTAGAS,TAGFLG
ATTAGITBK,TAGFLG
BK_ATTAGX,TAGFLG
BFCTAG,TAGFLG
AEGRP,GRPFLG
AEMRC,MRCFLG
AETER,TERFLG
AHDEV,DEVFLG
AZDEV,DEVFLG
AHPEDH,PEDFLG
EXAHPED,PEDFLG
AHLHTH,LHTFLG
AHSSF,SSFFLG
AHTAR,TARFLG
APCAT,CATFLG
APCIU,CIUFLG
APNET,NETFLG
APPAI,PAIFLG
ATTPR,TPRFLG
BK_ATTPR,TPRFLG
BK_ATTPRW,TPRFLG
BK_ATTPRY,TPRFLG
N_ATTPR,TPRFLG
AURPT,RPTFLG
AURPTH,RPTFLG
AURPTK,RPTFLG
AULAF,LAFFLG
AULAFH,LAFFLG
AUFNC,FNCFLG
AUFNC_BK,FNCFLG
AUAFM,AFMFLG
AUBKT,BKTFLG
AUCPR,CPRFLG
AUCTB,CTBFLG
AUDAC,DACFLG
AUFIL,FILFLG
AUIAP,IAPFLG
AUJRN,JRNFLG
AULER,LERFLG
AUMOD,MODFLG
AUOPA,OPAFLG
AUPFN,PFNFLG
AUUAF,UAFFLG
AUUSR,USRFLG
AZISO,ISOFLG
AZIISOMP,ISOFLG
AZISOAS,ISOFLG
AZISODFT,ISOFLG
AZISOIMP,ISOFLG
AZISOITBK,ISOFLG
AZISOITBK1,ISOFLG
AZISOMP,ISOFLG
AZISOWL,ISOFLG
AZISO15NOV,ISOFLG
BK_AZISOX,ISOFLG
BK_AZISOY,ISOFLG
F_AZISO,ISOFLG
AZIBM,IBMFLG
AZIBMAS,IBMFLG
AZIBMIMP,IBMFLG
AZIBMIT,IBMFLG
AZIBMITBK,IBMFLG
BK_AZIBMX,IBMFLG
F_AZIBM,IBMFLG
AZITM,ITMFLG
AZITMAS,ITMFLG
AZITMIMP,ITMFLG
AZITMIT,ITMFLG
AZITMITBK,ITMFLG
BK_AZITMX,ITMFLG
F_AZITM,ITMFLG
AZIPR,IPRFLG
AZIPRAS,IPRFLG
F_AZIPR,IPRFLG
AZISE,ISEFLG
AZIRD,IRDFLG
AZKCMT,KCMFLG
AZKCMT@@@Z,KCMFLG
AZKCMTBK,KCMFLG
AZKBIN,BINFLG
AZKBIN@@Z,BINFLG
AZKEY,KEYFLG
AZKEYCLTE,KEYFLG
AZKPGT,KPGFLG
AZKRBL,RBLFLG
AZAPI,APIFLG
Z_MT5946,APIFLG
Z_MT6532,APIFLG
AZDCE,DCEFLG
AZDCE_BCK,DCEFLG
AZDCF,DCFFLG
AZDCF_BCK,DCFFLG
AZBLN,BLNFLG
AZESH,ESHFLG
AZWRT,WRTFLG
AZWRT@@@@Z,WRTFLG
AZWRTBK,WRTFLG
AZWRTMA,WRTFLG
AZWRTMARI,WRTFLG
AZWRTWV,WRTFLG
AZWRTWV1,WRTFLG
BK_AZWRT,WRTFLG
BK_AZWRTY,WRTFLG
N_AZWRT,WRTFLG
PS_AZWRT,WRTFLG
AZWRD,WRDFLG
AZWRDBK,WRDFLG
BK_AZWRD,WRDFLG
BK_AZWRDY,WRDFLG
N_AZWRD,WRDFLG
PS_AZWRD,WRDFLG
AZWRP,WRPFLG
AZWRP@@@@Z,WRPFLG
BK_AZWRP,WRPFLG
BK_AZWRPY,WRPFLG
N_AZWRP,WRPFLG
AZWWS,WWSFLG
AZWWS@@@@Y,WWSFLG
BK_AZWWS,WWSFLG
BK_AZWWSY,WWSFLG
N_AZWWS,WWSFLG
AZSTS,STSFLG
AZSTSAS,STSFLG
AZSTSBK,STSFLG
AZSTSITBK,STSFLG
AZSTSX,STSFLG
BK_AZSTSY,STSFLG
N_AZSTS,STSFLG
PS_AZSTS,STSFLG
AZWPR,WPRFLG
AZWPRITBK,WPRFLG
AZWRQ,WRQFLG
AZSAU,SAUFLG
AZLEE,LEEFLG
BK_AZLEEY,LEEFLG
AZLDT,LDTFLG
AZLLO,LLOFLG
AZLRL,LRLFLG
AZTCL,TCLFLG
AZTCP,TCPFLG
AZTRX,TRXFLG
FCOCOM,COMFLG
FCOCOM@@@@,COMFLG
BFCCOM,COMFLG
FCOPIN,PINFLG
FBSTIN,FBSFLG
FBOEXT,EXTFLG
BFCREG,REGFLG